-- phpMyAdmin SQL Dump
-- version 4.7.9
-- https://www.phpmyadmin.net/
--
-- Máy chủ: 127.0.0.1
-- Thời gian đã tạo: Th10 22, 2018 lúc 01:49 PM
-- Phiên bản máy phục vụ: 10.1.31-MariaDB
-- Phiên bản PHP: 7.2.3

SET SQL_MODE = "NO_AUTO_VALUE_ON_ZERO";
SET AUTOCOMMIT = 0;
START TRANSACTION;
SET time_zone = "+00:00";


/*!40101 SET @OLD_CHARACTER_SET_CLIENT=@@CHARACTER_SET_CLIENT */;
/*!40101 SET @OLD_CHARACTER_SET_RESULTS=@@CHARACTER_SET_RESULTS */;
/*!40101 SET @OLD_COLLATION_CONNECTION=@@COLLATION_CONNECTION */;
/*!40101 SET NAMES utf8mb4 */;

--
-- Cơ sở dữ liệu: `honghanh_db`
--

-- --------------------------------------------------------

--
-- Cấu trúc bảng cho bảng `about`
--

CREATE TABLE `about` (
  `id` int(11) NOT NULL,
  `post_category_id` int(11) NOT NULL,
  `slug` varchar(255) COLLATE utf8mb4_unicode_ci NOT NULL,
  `title` varchar(255) COLLATE utf8mb4_unicode_ci NOT NULL,
  `description` text COLLATE utf8mb4_unicode_ci NOT NULL,
  `content` text COLLATE utf8mb4_unicode_ci NOT NULL,
  `avatar` text COLLATE utf8mb4_unicode_ci NOT NULL,
  `image` text COLLATE utf8mb4_unicode_ci NOT NULL,
  `created_at` datetime NOT NULL,
  `created_by` varchar(100) COLLATE utf8mb4_unicode_ci NOT NULL,
  `updated_at` datetime NOT NULL,
  `updated_by` varchar(100) COLLATE utf8mb4_unicode_ci NOT NULL,
  `is_deleted` tinyint(4) NOT NULL DEFAULT '0',
  `is_activated` tinyint(4) DEFAULT '0' COMMENT '0 : active; 1 : deactive'
) ENGINE=InnoDB DEFAULT CHARSET=utf8mb4 COLLATE=utf8mb4_unicode_ci;

-- --------------------------------------------------------

--
-- Cấu trúc bảng cho bảng `banner`
--

CREATE TABLE `banner` (
  `id` int(11) NOT NULL,
  `title` varchar(255) COLLATE utf8mb4_unicode_ci NOT NULL,
  `description` text COLLATE utf8mb4_unicode_ci,
  `image` text COLLATE utf8mb4_unicode_ci NOT NULL,
  `created_at` datetime NOT NULL,
  `created_by` varchar(100) COLLATE utf8mb4_unicode_ci NOT NULL,
  `updated_at` datetime NOT NULL,
  `updated_by` varchar(100) COLLATE utf8mb4_unicode_ci NOT NULL,
  `is_activated` tinyint(4) DEFAULT '0' COMMENT '0: active; 1:deactive',
  `is_deleted` int(11) NOT NULL DEFAULT '0'
) ENGINE=InnoDB DEFAULT CHARSET=utf8mb4 COLLATE=utf8mb4_unicode_ci;

-- --------------------------------------------------------

--
-- Cấu trúc bảng cho bảng `ci_sessions`
--

CREATE TABLE `ci_sessions` (
  `id` varchar(40) COLLATE utf8_unicode_ci NOT NULL,
  `ip_address` varchar(45) COLLATE utf8_unicode_ci NOT NULL,
  `timestamp` int(10) UNSIGNED NOT NULL DEFAULT '0',
  `data` blob NOT NULL
) ENGINE=InnoDB DEFAULT CHARSET=utf8 COLLATE=utf8_unicode_ci ROW_FORMAT=COMPACT;

--
-- Đang đổ dữ liệu cho bảng `ci_sessions`
--

INSERT INTO `ci_sessions` (`id`, `ip_address`, `timestamp`, `data`) VALUES
('1d6d2ef5cbe48491b53b5c2ae95d1d4f14c98f82', '::1', 1516590779, 0x5f5f63695f6c6173745f726567656e65726174657c693a313531363539303735363b6c616e67416262726576696174696f6e7c733a323a227669223b6964656e746974797c733a31353a2261646d696e4061646d696e2e636f6d223b656d61696c7c733a31353a2261646d696e4061646d696e2e636f6d223b757365725f69647c733a313a2231223b6f6c645f6c6173745f6c6f67696e7c733a31303a2231353134333939313533223b);

-- --------------------------------------------------------

--
-- Cấu trúc bảng cho bảng `comment`
--

CREATE TABLE `comment` (
  `id` int(11) NOT NULL,
  `product_id` int(11) NOT NULL,
  `name` varchar(255) COLLATE utf8mb4_unicode_ci NOT NULL,
  `email` varchar(255) COLLATE utf8mb4_unicode_ci NOT NULL,
  `content` text COLLATE utf8mb4_unicode_ci NOT NULL,
  `created_at` date NOT NULL,
  `ip_address` varchar(255) COLLATE utf8mb4_unicode_ci NOT NULL,
  `is_deleted` tinyint(1) NOT NULL DEFAULT '0',
  `type` tinyint(1) NOT NULL DEFAULT '0' COMMENT '0: là commnet tour, 1: là comment blog, 2:là comment location'
) ENGINE=InnoDB DEFAULT CHARSET=utf8mb4 COLLATE=utf8mb4_unicode_ci;

-- --------------------------------------------------------

--
-- Cấu trúc bảng cho bảng `groups`
--

CREATE TABLE `groups` (
  `id` mediumint(8) UNSIGNED NOT NULL,
  `name` varchar(20) NOT NULL,
  `description` varchar(100) NOT NULL
) ENGINE=InnoDB DEFAULT CHARSET=utf8 ROW_FORMAT=COMPACT;

--
-- Đang đổ dữ liệu cho bảng `groups`
--

INSERT INTO `groups` (`id`, `name`, `description`) VALUES
(1, 'admin', 'Administrator'),
(2, 'members', 'General User');

-- --------------------------------------------------------

--
-- Cấu trúc bảng cho bảng `login_attempts`
--

CREATE TABLE `login_attempts` (
  `id` int(11) UNSIGNED NOT NULL,
  `ip_address` varchar(15) NOT NULL,
  `login` varchar(100) NOT NULL,
  `time` int(11) UNSIGNED DEFAULT NULL
) ENGINE=InnoDB DEFAULT CHARSET=utf8 ROW_FORMAT=COMPACT;

-- --------------------------------------------------------

--
-- Cấu trúc bảng cho bảng `post`
--

CREATE TABLE `post` (
  `id` int(11) NOT NULL,
  `post_category_id` int(11) NOT NULL,
  `slug` varchar(255) COLLATE utf8mb4_unicode_ci NOT NULL,
  `title` varchar(255) COLLATE utf8mb4_unicode_ci NOT NULL,
  `description` text COLLATE utf8mb4_unicode_ci NOT NULL,
  `content` text COLLATE utf8mb4_unicode_ci NOT NULL,
  `avatar` text COLLATE utf8mb4_unicode_ci NOT NULL,
  `image` text COLLATE utf8mb4_unicode_ci NOT NULL,
  `created_at` datetime NOT NULL,
  `created_by` varchar(100) COLLATE utf8mb4_unicode_ci NOT NULL,
  `updated_at` datetime NOT NULL,
  `updated_by` varchar(100) COLLATE utf8mb4_unicode_ci NOT NULL,
  `is_deleted` tinyint(4) NOT NULL DEFAULT '0',
  `is_activated` tinyint(4) DEFAULT '0' COMMENT '0 : active; 1 : deactive'
) ENGINE=InnoDB DEFAULT CHARSET=utf8mb4 COLLATE=utf8mb4_unicode_ci;

-- --------------------------------------------------------

--
-- Cấu trúc bảng cho bảng `post_category`
--

CREATE TABLE `post_category` (
  `id` int(11) NOT NULL,
  `slug` varchar(255) COLLATE utf8mb4_unicode_ci NOT NULL,
  `title` varchar(255) COLLATE utf8mb4_unicode_ci NOT NULL,
  `content` text COLLATE utf8mb4_unicode_ci NOT NULL,
  `parent_id` int(11) NOT NULL,
  `project` varchar(255) COLLATE utf8mb4_unicode_ci NOT NULL,
  `image` text COLLATE utf8mb4_unicode_ci,
  `sort` tinyint(4) DEFAULT NULL,
  `type` tinyint(4) DEFAULT '0' COMMENT '0 : list; 1 : detail',
  `is_activated` tinyint(4) DEFAULT '0' COMMENT '0 : active; 1 : deactive',
  `is_deleted` tinyint(4) NOT NULL DEFAULT '0',
  `created_at` datetime NOT NULL,
  `created_by` varchar(100) COLLATE utf8mb4_unicode_ci NOT NULL,
  `updated_at` datetime NOT NULL,
  `updated_by` varchar(100) COLLATE utf8mb4_unicode_ci NOT NULL
) ENGINE=InnoDB DEFAULT CHARSET=utf8mb4 COLLATE=utf8mb4_unicode_ci;

-- --------------------------------------------------------

--
-- Cấu trúc bảng cho bảng `product`
--

CREATE TABLE `product` (
  `id` int(11) NOT NULL,
  `product_category_id` int(11) NOT NULL,
  `slug` text COLLATE utf8_unicode_ci NOT NULL,
  `title` varchar(255) COLLATE utf8_unicode_ci NOT NULL,
  `description` text COLLATE utf8_unicode_ci NOT NULL,
  `content` text COLLATE utf8_unicode_ci NOT NULL,
  `metakeywords` varchar(255) COLLATE utf8_unicode_ci NOT NULL,
  `metadescription` varchar(255) COLLATE utf8_unicode_ci NOT NULL,
  `design` text COLLATE utf8_unicode_ci NOT NULL,
  `technology` text COLLATE utf8_unicode_ci NOT NULL,
  `untilities` text COLLATE utf8_unicode_ci NOT NULL,
  `mass` varchar(255) COLLATE utf8_unicode_ci NOT NULL,
  `size` varchar(255) COLLATE utf8_unicode_ci NOT NULL,
  `distance` varchar(255) COLLATE utf8_unicode_ci NOT NULL,
  `altitude` varchar(255) COLLATE utf8_unicode_ci NOT NULL,
  `brightinterval` varchar(255) COLLATE utf8_unicode_ci NOT NULL,
  `fuelrange` varchar(255) COLLATE utf8_unicode_ci NOT NULL,
  `fronttiresize` varchar(255) COLLATE utf8_unicode_ci NOT NULL,
  `forks` varchar(255) COLLATE utf8_unicode_ci NOT NULL,
  `afterwards` varchar(255) COLLATE utf8_unicode_ci NOT NULL,
  `engine` varchar(255) COLLATE utf8_unicode_ci NOT NULL,
  `cylindercapacity` varchar(255) COLLATE utf8_unicode_ci NOT NULL,
  `piston` varchar(255) COLLATE utf8_unicode_ci NOT NULL,
  `compressionratio` varchar(255) COLLATE utf8_unicode_ci NOT NULL,
  `maximumpower` varchar(255) COLLATE utf8_unicode_ci NOT NULL,
  `torque` varchar(255) COLLATE utf8_unicode_ci NOT NULL,
  `capacity` varchar(255) COLLATE utf8_unicode_ci NOT NULL,
  `motion` varchar(255) COLLATE utf8_unicode_ci NOT NULL,
  `bootsystem` varchar(255) COLLATE utf8_unicode_ci NOT NULL,
  `version` text COLLATE utf8_unicode_ci NOT NULL,
  `avatar` varchar(100) COLLATE utf8_unicode_ci NOT NULL,
  `image` text COLLATE utf8_unicode_ci NOT NULL,
  `banner` text COLLATE utf8_unicode_ci NOT NULL,
  `design_img` text COLLATE utf8_unicode_ci NOT NULL,
  `technology_img` text COLLATE utf8_unicode_ci NOT NULL,
  `untilities_img` text COLLATE utf8_unicode_ci NOT NULL,
  `version_img` text COLLATE utf8_unicode_ci NOT NULL,
  `version_icon` text COLLATE utf8_unicode_ci NOT NULL,
  `product_code` text COLLATE utf8_unicode_ci NOT NULL,
  `created_at` datetime NOT NULL,
  `created_by` varchar(100) COLLATE utf8_unicode_ci NOT NULL,
  `updated_at` datetime NOT NULL,
  `updated_by` varchar(100) COLLATE utf8_unicode_ci NOT NULL,
  `is_deleted` tinyint(1) NOT NULL,
  `version_code` text COLLATE utf8_unicode_ci NOT NULL,
  `is_activated` tinyint(1) NOT NULL
) ENGINE=InnoDB DEFAULT CHARSET=utf8 COLLATE=utf8_unicode_ci;

--
-- Đang đổ dữ liệu cho bảng `product`
--

INSERT INTO `product` (`id`, `product_category_id`, `slug`, `title`, `description`, `content`, `metakeywords`, `metadescription`, `design`, `technology`, `untilities`, `mass`, `size`, `distance`, `altitude`, `brightinterval`, `fuelrange`, `fronttiresize`, `forks`, `afterwards`, `engine`, `cylindercapacity`, `piston`, `compressionratio`, `maximumpower`, `torque`, `capacity`, `motion`, `bootsystem`, `version`, `avatar`, `image`, `banner`, `design_img`, `technology_img`, `untilities_img`, `version_img`, `version_icon`, `product_code`, `created_at`, `created_by`, `updated_at`, `updated_by`, `is_deleted`, `version_code`, `is_activated`) VALUES
(0, 0, '', '', '', '', '', '', '', '', '', '', '', '', '', '', '', '', '', '', '', '', '', '', '', '', '', '', '', '', '', '[]', '[]', '[]', '[]', '[]', '[]', '[]', '', '2018-10-12 17:02:32', 'administrator', '2018-10-12 17:02:32', 'administrator', 0, '[]', 0);

-- --------------------------------------------------------

--
-- Cấu trúc bảng cho bảng `product_category`
--

CREATE TABLE `product_category` (
  `id` int(11) NOT NULL,
  `slug` varchar(255) COLLATE utf8mb4_unicode_ci NOT NULL,
  `title` varchar(255) COLLATE utf8mb4_unicode_ci NOT NULL,
  `content` text COLLATE utf8mb4_unicode_ci NOT NULL,
  `metakeywords` varchar(255) COLLATE utf8mb4_unicode_ci NOT NULL,
  `metadescription` varchar(255) COLLATE utf8mb4_unicode_ci NOT NULL,
  `parent_id` int(11) NOT NULL,
  `is_deleted` tinyint(4) NOT NULL DEFAULT '0',
  `created_at` datetime NOT NULL,
  `created_by` varchar(100) COLLATE utf8mb4_unicode_ci NOT NULL,
  `updated_at` datetime NOT NULL,
  `updated_by` varchar(100) COLLATE utf8mb4_unicode_ci NOT NULL,
  `project` varchar(255) COLLATE utf8mb4_unicode_ci NOT NULL,
  `image` text COLLATE utf8mb4_unicode_ci,
  `sort` tinyint(4) DEFAULT NULL,
  `is_activated` tinyint(4) DEFAULT '0' COMMENT '0: active; 1: deactive'
) ENGINE=InnoDB DEFAULT CHARSET=utf8mb4 COLLATE=utf8mb4_unicode_ci;

-- --------------------------------------------------------

--
-- Cấu trúc bảng cho bảng `site_sessions`
--

CREATE TABLE `site_sessions` (
  `id` varchar(40) COLLATE utf8_unicode_ci NOT NULL,
  `ip_address` varchar(45) COLLATE utf8_unicode_ci NOT NULL,
  `timestamp` int(10) UNSIGNED NOT NULL DEFAULT '0',
  `data` blob NOT NULL
) ENGINE=InnoDB DEFAULT CHARSET=utf8 COLLATE=utf8_unicode_ci ROW_FORMAT=COMPACT;

--
-- Đang đổ dữ liệu cho bảng `site_sessions`
--

INSERT INTO `site_sessions` (`id`, `ip_address`, `timestamp`, `data`) VALUES
('0il1m3ib0asqvhv3jbp5uc0h7unekn86', '1.55.93.60', 1532924292, 0x5f5f63695f6c6173745f726567656e65726174657c693a313533323932343238343b6c616e67416262726576696174696f6e7c733a323a227669223b),
('0v3h07vh88omv6bjqc3e8s7132qbc0vg', '::1', 1533013079, 0x5f5f63695f6c6173745f726567656e65726174657c693a313533333031333037393b6c616e67416262726576696174696f6e7c733a323a227669223b6964656e746974797c733a31353a2261646d696e4061646d696e2e636f6d223b656d61696c7c733a31353a2261646d696e4061646d696e2e636f6d223b757365725f69647c733a313a2231223b6f6c645f6c6173745f6c6f67696e7c733a31303a2231353332353932383937223b6c6173745f636865636b7c693a313533333031323735313b),
('3agg9frl16vfpjj8hrnn92tc710i7hv1', '::1', 1533021602, 0x5f5f63695f6c6173745f726567656e65726174657c693a313533333032313630323b6964656e746974797c733a31353a2261646d696e4061646d696e2e636f6d223b656d61696c7c733a31353a2261646d696e4061646d696e2e636f6d223b757365725f69647c733a313a2231223b6f6c645f6c6173745f6c6f67696e7c733a31303a2231353333303132373531223b6c6173745f636865636b7c693a313533333032313236363b6c616e67416262726576696174696f6e7c733a323a227669223b),
('5n2qvbkkdfq5qd73h76d0qboffaj4dc5', '::1', 1533013471, 0x5f5f63695f6c6173745f726567656e65726174657c693a313533333031333437313b6c616e67416262726576696174696f6e7c733a323a227669223b6964656e746974797c733a31353a2261646d696e4061646d696e2e636f6d223b656d61696c7c733a31353a2261646d696e4061646d696e2e636f6d223b757365725f69647c733a313a2231223b6f6c645f6c6173745f6c6f67696e7c733a31303a2231353332353932383937223b6c6173745f636865636b7c693a313533333031323735313b),
('8cjs3difvjfmg2vvmvam04nbfmbf166o', '::1', 1533267195, 0x5f5f63695f6c6173745f726567656e65726174657c693a313533333236373139353b6c616e67416262726576696174696f6e7c733a323a227669223b),
('as4jskgo87jpd5i5263k25rceba9dqkb', '::1', 1540204277, 0x5f5f63695f6c6173745f726567656e65726174657c693a313534303230343237363b6964656e746974797c733a31353a2261646d696e4061646d696e2e636f6d223b656d61696c7c733a31353a2261646d696e4061646d696e2e636f6d223b757365725f69647c733a313a2231223b6f6c645f6c6173745f6c6f67696e7c733a31303a2231353335303137313135223b6c6173745f636865636b7c693a313534303230323335303b),
('bjvm6boogfdmusqea0f61d7qmcj1g4bs', '117.1.113.94', 1533009213, 0x5f5f63695f6c6173745f726567656e65726174657c693a313533333030393231323b6c616e67416262726576696174696f6e7c733a323a227669223b),
('c2fkgl1lc0idej1dcmf6r9homaonq18a', '::1', 1533012777, 0x5f5f63695f6c6173745f726567656e65726174657c693a313533333031323737373b6c616e67416262726576696174696f6e7c733a323a227669223b6964656e746974797c733a31353a2261646d696e4061646d696e2e636f6d223b656d61696c7c733a31353a2261646d696e4061646d696e2e636f6d223b757365725f69647c733a313a2231223b6f6c645f6c6173745f6c6f67696e7c733a31303a2231353332353932383937223b6c6173745f636865636b7c693a313533333031323735313b),
('cln42em022avvrb4ecn17idg9usjketr', '::1', 1534498733, 0x5f5f63695f6c6173745f726567656e65726174657c693a313533343439383733333b6c616e67416262726576696174696f6e7c733a323a227669223b6964656e746974797c733a31353a2261646d696e4061646d696e2e636f6d223b656d61696c7c733a31353a2261646d696e4061646d696e2e636f6d223b757365725f69647c733a313a2231223b6f6c645f6c6173745f6c6f67696e7c733a31303a2231353333313934303636223b6c6173745f636865636b7c693a313533343439343938303b),
('d79ngj2h55je0sdpgmrvo2l3m271cr29', '::1', 1535015948, 0x5f5f63695f6c6173745f726567656e65726174657c693a313533353031353638383b6c616e67416262726576696174696f6e7c733a323a227669223b6964656e746974797c733a31353a2261646d696e4061646d696e2e636f6d223b656d61696c7c733a31353a2261646d696e4061646d696e2e636f6d223b757365725f69647c733a313a2231223b6f6c645f6c6173745f6c6f67696e7c733a31303a2231353334343934393830223b6c6173745f636865636b7c693a313533353031353639383b),
('eb74ohkg9bkq65utm58k19v74hb19g6f', '14.162.147.211', 1532941748, 0x5f5f63695f6c6173745f726567656e65726174657c693a313533323934313731393b6c616e67416262726576696174696f6e7c733a323a227669223b),
('ejjsgrnd51l2c89varidik7237a5djjc', '::1', 1533013879, 0x5f5f63695f6c6173745f726567656e65726174657c693a313533333031333837393b6c616e67416262726576696174696f6e7c733a323a227669223b6964656e746974797c733a31353a2261646d696e4061646d696e2e636f6d223b656d61696c7c733a31353a2261646d696e4061646d696e2e636f6d223b757365725f69647c733a313a2231223b6f6c645f6c6173745f6c6f67696e7c733a31303a2231353332353932383937223b6c6173745f636865636b7c693a313533333031323735313b),
('el0sk4ejc5m3g63k5r1i022p9tdjdh6k', '::1', 1537954636, ''),
('j6c5dobt8h0pg5onhelqp1refiucocbf', '::1', 1533267200, 0x5f5f63695f6c6173745f726567656e65726174657c693a313533333236373139353b6c616e67416262726576696174696f6e7c733a323a227669223b),
('mkijfl5mvbqh00efgsop5j4klu0bvltk', '::1', 1533014122, 0x5f5f63695f6c6173745f726567656e65726174657c693a313533333031333837393b6c616e67416262726576696174696f6e7c733a323a227669223b6964656e746974797c733a31353a2261646d696e4061646d696e2e636f6d223b656d61696c7c733a31353a2261646d696e4061646d696e2e636f6d223b757365725f69647c733a313a2231223b6f6c645f6c6173745f6c6f67696e7c733a31303a2231353332353932383937223b6c6173745f636865636b7c693a313533333031323735313b),
('mt9n0o9pk0if365imj45arau35alcrca', '::1', 1535017129, 0x5f5f63695f6c6173745f726567656e65726174657c693a313533353031373130353b6964656e746974797c733a31353a2261646d696e4061646d696e2e636f6d223b656d61696c7c733a31353a2261646d696e4061646d696e2e636f6d223b757365725f69647c733a313a2231223b6f6c645f6c6173745f6c6f67696e7c733a31303a2231353335303135363938223b6c6173745f636865636b7c693a313533353031373131353b),
('ndpg650h0e9ldbf0g5lbl00u4qne77ce', '::1', 1533021775, 0x5f5f63695f6c6173745f726567656e65726174657c693a313533333032313630323b6964656e746974797c733a31353a2261646d696e4061646d696e2e636f6d223b656d61696c7c733a31353a2261646d696e4061646d696e2e636f6d223b757365725f69647c733a313a2231223b6f6c645f6c6173745f6c6f67696e7c733a31303a2231353333303132373531223b6c6173745f636865636b7c693a313533333032313236363b6c616e67416262726576696174696f6e7c733a323a227669223b),
('sd7bckp94l4kfvh78ub08045kpig1lk1', '::1', 1533194077, 0x5f5f63695f6c6173745f726567656e65726174657c693a313533333139343035343b6964656e746974797c733a31353a2261646d696e4061646d696e2e636f6d223b656d61696c7c733a31353a2261646d696e4061646d696e2e636f6d223b757365725f69647c733a313a2231223b6f6c645f6c6173745f6c6f67696e7c733a31303a2231353333303231323636223b6c6173745f636865636b7c693a313533333139343036363b),
('tctvbstom76o7le67uk9btlvto1mj5rf', '::1', 1540204276, 0x5f5f63695f6c6173745f726567656e65726174657c693a313534303230343237363b6964656e746974797c733a31353a2261646d696e4061646d696e2e636f6d223b656d61696c7c733a31353a2261646d696e4061646d696e2e636f6d223b757365725f69647c733a313a2231223b6f6c645f6c6173745f6c6f67696e7c733a31303a2231353335303137313135223b6c6173745f636865636b7c693a313534303230323335303b),
('u3ip4nuuhk8v43036equb4covde44n78', '::1', 1534498753, 0x5f5f63695f6c6173745f726567656e65726174657c693a313533343439383733333b6c616e67416262726576696174696f6e7c733a323a227669223b6964656e746974797c733a31353a2261646d696e4061646d696e2e636f6d223b656d61696c7c733a31353a2261646d696e4061646d696e2e636f6d223b757365725f69647c733a313a2231223b6f6c645f6c6173745f6c6f67696e7c733a31303a2231353333313934303636223b6c6173745f636865636b7c693a313533343439343938303b),
('v425ntagnkrf27k08d49jtq4ijjiseu9', '::1', 1540203011, 0x5f5f63695f6c6173745f726567656e65726174657c693a313534303230333031313b6964656e746974797c733a31353a2261646d696e4061646d696e2e636f6d223b656d61696c7c733a31353a2261646d696e4061646d696e2e636f6d223b757365725f69647c733a313a2231223b6f6c645f6c6173745f6c6f67696e7c733a31303a2231353335303137313135223b6c6173745f636865636b7c693a313534303230323335303b),
('vo7nc9k3bt2v2atgsrlq2f07cikslbip', '::1', 1540202678, 0x5f5f63695f6c6173745f726567656e65726174657c693a313534303230323637383b6964656e746974797c733a31353a2261646d696e4061646d696e2e636f6d223b656d61696c7c733a31353a2261646d696e4061646d696e2e636f6d223b757365725f69647c733a313a2231223b6f6c645f6c6173745f6c6f67696e7c733a31303a2231353335303137313135223b6c6173745f636865636b7c693a313534303230323335303b);

-- --------------------------------------------------------

--
-- Cấu trúc bảng cho bảng `users`
--

CREATE TABLE `users` (
  `id` int(11) UNSIGNED NOT NULL,
  `ip_address` varchar(45) DEFAULT NULL,
  `username` varchar(100) DEFAULT NULL,
  `password` varchar(255) NOT NULL,
  `salt` varchar(255) DEFAULT NULL,
  `email` varchar(100) NOT NULL,
  `activation_code` varchar(40) DEFAULT NULL,
  `forgotten_password_code` varchar(40) DEFAULT NULL,
  `forgotten_password_time` int(11) UNSIGNED DEFAULT NULL,
  `remember_code` varchar(40) DEFAULT NULL,
  `created_on` int(11) UNSIGNED NOT NULL,
  `last_login` int(11) UNSIGNED DEFAULT NULL,
  `active` tinyint(1) UNSIGNED DEFAULT NULL,
  `first_name` varchar(50) DEFAULT NULL,
  `last_name` varchar(50) DEFAULT NULL,
  `company` varchar(100) DEFAULT NULL,
  `phone` varchar(20) DEFAULT NULL,
  `age` varchar(11) DEFAULT NULL
) ENGINE=InnoDB DEFAULT CHARSET=utf8 ROW_FORMAT=COMPACT;

--
-- Đang đổ dữ liệu cho bảng `users`
--

INSERT INTO `users` (`id`, `ip_address`, `username`, `password`, `salt`, `email`, `activation_code`, `forgotten_password_code`, `forgotten_password_time`, `remember_code`, `created_on`, `last_login`, `active`, `first_name`, `last_name`, `company`, `phone`, `age`) VALUES
(1, '127.0.0.1', 'administrator', '$2a$07$SeBknntpZror9uyftVopmu61qg0ms8Qv1yV6FG.kQOSM.9QhmTo36', '', 'admin@admin.com', '', NULL, NULL, NULL, 1268889823, 1540202350, 1, 'Admin', 'istrator', 'ADMIN', '0', NULL),
(2, '::1', 'asdas', '$2y$08$PpWSK2unjydxp3spURaQIeF0XLE0W70gsd0TD9pit699I.YgN2DAC', NULL, 'admin@admin.com1', NULL, NULL, NULL, NULL, 1527177316, NULL, 0, '', 'asdas', '', '121231', ''),
(3, '::1', 'minhtruong', '$2y$08$YPNhvgbGnA7jbd9HyjXO0./rYZmIXRje/UcB7523ZAy1xg5BOjfGa', NULL, 'minhtruong93gtvt@gmail.com', NULL, NULL, NULL, NULL, 1527177780, 1527179552, 1, '', 'minhtruong', 'mato', '123', '1'),
(4, '::1', 'a', '$2y$08$kDxKWvqs.XWwiD7LHvs2AuG.Uzu4NWhm498URqvjIUYfV3PzfQHim', NULL, 'minhtruong93gtvt@gmail.com1', NULL, NULL, NULL, NULL, 1527178136, NULL, 0, '', 'a', 'mato', '123123', '12'),
(5, '::1', 'Minh Trường', '$2y$08$RzELUGHvx8MtPpATO4/1xuQqG3iKiVsluuuuW9GHcd/lijGyPt8YC', NULL, 'minhtruong93gtvt@gmail.com2', NULL, NULL, NULL, NULL, 1527178552, NULL, 1, '', 'Minh Trường', 'mato', '0985767862', '25'),
(6, '::1', 'Minh Trường', '$2y$08$eFnAMTSd9nK8tyZQNcNlVeWv82KfRkF18pF8Lh7gxbJWCSZF3grMG', NULL, 'minhtruong93gtvt@gmail.com2', NULL, NULL, NULL, NULL, 1527178625, NULL, 1, '', 'Minh Trường', 'mato', '0985767862', '25'),
(7, '::1', 'asd', '$2y$08$VLybd2Ow93i3lknQtDqpIeoMf3xP7v38m9JYML2VM8dowCepDvyP.', NULL, 'a@gmail.com', NULL, NULL, NULL, NULL, 1527179462, NULL, 1, '', 'asd', '', '123', ''),
(8, '::1', 'Minh', '$2y$08$SbJuXh7GnCBqPBvYRTEcMONjoU8TZ8u0ZzDez2z3QP7TivGnE/iH.', NULL, 'hanguyen@user.com', NULL, NULL, NULL, NULL, 1527432498, NULL, 1, '', 'Minh', 'mato', '0985767862', '26'),
(9, '::1', '1232', '$2y$08$FF9cU4VevU3PqW8SJ39bcuVDOVvauKoECc68nn.3CDc6bl8GindX2', NULL, 'asdas@gmail.com', NULL, NULL, NULL, NULL, 1527433031, NULL, 1, '', '1232', '', '1231', ''),
(10, '::1', 'asdasd', '$2y$08$o/tFkN0LG5IxWpsDHNK0KemUM8OvGEiY3Ao1B7eJO6uvB5lrpYALm', NULL, 'aa@gmail.com', NULL, NULL, NULL, NULL, 1527504887, NULL, 1, '', 'asdasd', 'asda', '123123', '12'),
(11, '::1', 'Minh Truong', '$2y$08$Bi2qBwrxcSPkgFlq0xCwLOQbnQH348SZpZt5IRG5mT7/t/y3dbT6G', NULL, 'minhtruong93gtvt@gmail.com111', NULL, NULL, NULL, NULL, 1527523354, NULL, 1, '', 'Minh Truong', 'mato', '0985767862', '26'),
(12, '::1', 'Test', '$2y$08$WIF4VSIReuADjylqq0PeIO/0xapxmvMq9EL8/osUzL.X9MdnvFute', NULL, 'minhtruong93gtvt@gmail.com12', NULL, NULL, NULL, NULL, 1528288091, 1528295244, 1, '', 'Test', 'Mato', '0985767862', '25'),
(13, '::1', 'Do Minh Minh', '$2y$08$BconVYwp22s1nsQX8.X6iewac3bdgoQ4QPY2Qc8GaLrynqT4M7HfW', NULL, 'minhtruong93gtvt@gmail.com123', NULL, NULL, NULL, '/2NIvlwW8v3xZvePhIOIS.', 1528295320, 1528295517, 1, '', 'Do Minh Minh', 'MatoCreative', '0985767862', '25');

-- --------------------------------------------------------

--
-- Cấu trúc bảng cho bảng `users_groups`
--

CREATE TABLE `users_groups` (
  `id` int(11) UNSIGNED NOT NULL,
  `user_id` int(11) UNSIGNED NOT NULL,
  `group_id` mediumint(8) UNSIGNED NOT NULL
) ENGINE=InnoDB DEFAULT CHARSET=utf8 ROW_FORMAT=COMPACT;

--
-- Đang đổ dữ liệu cho bảng `users_groups`
--

INSERT INTO `users_groups` (`id`, `user_id`, `group_id`) VALUES
(1, 1, 1),
(2, 1, 2),
(3, 2, 2),
(4, 3, 2),
(5, 4, 2),
(6, 5, 2),
(7, 6, 2),
(8, 7, 2),
(9, 8, 2),
(10, 9, 2),
(11, 10, 2),
(12, 11, 2),
(13, 12, 2),
(14, 13, 2);

--
-- Chỉ mục cho các bảng đã đổ
--

--
-- Chỉ mục cho bảng `about`
--
ALTER TABLE `about`
  ADD PRIMARY KEY (`id`),
  ADD KEY `post_category_id` (`post_category_id`);

--
-- Chỉ mục cho bảng `banner`
--
ALTER TABLE `banner`
  ADD PRIMARY KEY (`id`);

--
-- Chỉ mục cho bảng `ci_sessions`
--
ALTER TABLE `ci_sessions`
  ADD PRIMARY KEY (`id`) USING BTREE,
  ADD KEY `ci_sessions_timestamp` (`timestamp`) USING BTREE;

--
-- Chỉ mục cho bảng `comment`
--
ALTER TABLE `comment`
  ADD PRIMARY KEY (`id`);

--
-- Chỉ mục cho bảng `groups`
--
ALTER TABLE `groups`
  ADD PRIMARY KEY (`id`) USING BTREE;

--
-- Chỉ mục cho bảng `login_attempts`
--
ALTER TABLE `login_attempts`
  ADD PRIMARY KEY (`id`) USING BTREE;

--
-- Chỉ mục cho bảng `post`
--
ALTER TABLE `post`
  ADD PRIMARY KEY (`id`),
  ADD KEY `post_category_id` (`post_category_id`);

--
-- Chỉ mục cho bảng `post_category`
--
ALTER TABLE `post_category`
  ADD PRIMARY KEY (`id`);

--
-- Chỉ mục cho bảng `product`
--
ALTER TABLE `product`
  ADD PRIMARY KEY (`id`);

--
-- Chỉ mục cho bảng `product_category`
--
ALTER TABLE `product_category`
  ADD PRIMARY KEY (`id`);

--
-- Chỉ mục cho bảng `site_sessions`
--
ALTER TABLE `site_sessions`
  ADD PRIMARY KEY (`id`) USING BTREE,
  ADD KEY `ci_sessions_timestamp` (`timestamp`) USING BTREE;

--
-- Chỉ mục cho bảng `users`
--
ALTER TABLE `users`
  ADD PRIMARY KEY (`id`) USING BTREE;

--
-- Chỉ mục cho bảng `users_groups`
--
ALTER TABLE `users_groups`
  ADD PRIMARY KEY (`id`) USING BTREE,
  ADD UNIQUE KEY `uc_users_groups` (`user_id`,`group_id`) USING BTREE,
  ADD KEY `fk_users_groups_users1_idx` (`user_id`) USING BTREE,
  ADD KEY `fk_users_groups_groups1_idx` (`group_id`) USING BTREE;

--
-- AUTO_INCREMENT cho các bảng đã đổ
--

--
-- AUTO_INCREMENT cho bảng `about`
--
ALTER TABLE `about`
  MODIFY `id` int(11) NOT NULL AUTO_INCREMENT;

--
-- AUTO_INCREMENT cho bảng `banner`
--
ALTER TABLE `banner`
  MODIFY `id` int(11) NOT NULL AUTO_INCREMENT;

--
-- AUTO_INCREMENT cho bảng `comment`
--
ALTER TABLE `comment`
  MODIFY `id` int(11) NOT NULL AUTO_INCREMENT;

--
-- AUTO_INCREMENT cho bảng `groups`
--
ALTER TABLE `groups`
  MODIFY `id` mediumint(8) UNSIGNED NOT NULL AUTO_INCREMENT, AUTO_INCREMENT=3;

--
-- AUTO_INCREMENT cho bảng `login_attempts`
--
ALTER TABLE `login_attempts`
  MODIFY `id` int(11) UNSIGNED NOT NULL AUTO_INCREMENT;

--
-- AUTO_INCREMENT cho bảng `post`
--
ALTER TABLE `post`
  MODIFY `id` int(11) NOT NULL AUTO_INCREMENT;

--
-- AUTO_INCREMENT cho bảng `post_category`
--
ALTER TABLE `post_category`
  MODIFY `id` int(11) NOT NULL AUTO_INCREMENT;

--
-- AUTO_INCREMENT cho bảng `product`
--
ALTER TABLE `product`
  MODIFY `id` int(11) NOT NULL AUTO_INCREMENT;

--
-- AUTO_INCREMENT cho bảng `product_category`
--
ALTER TABLE `product_category`
  MODIFY `id` int(11) NOT NULL AUTO_INCREMENT;

--
-- AUTO_INCREMENT cho bảng `users`
--
ALTER TABLE `users`
  MODIFY `id` int(11) UNSIGNED NOT NULL AUTO_INCREMENT, AUTO_INCREMENT=14;

--
-- AUTO_INCREMENT cho bảng `users_groups`
--
ALTER TABLE `users_groups`
  MODIFY `id` int(11) UNSIGNED NOT NULL AUTO_INCREMENT, AUTO_INCREMENT=15;

--
-- Các ràng buộc cho các bảng đã đổ
--

--
-- Các ràng buộc cho bảng `about`
--
ALTER TABLE `about`
  ADD CONSTRAINT `about_ibfk_1` FOREIGN KEY (`post_category_id`) REFERENCES `post_category` (`id`);

--
-- Các ràng buộc cho bảng `post`
--
ALTER TABLE `post`
  ADD CONSTRAINT `post_ibfk_1` FOREIGN KEY (`post_category_id`) REFERENCES `post_category` (`id`);

--
-- Các ràng buộc cho bảng `users_groups`
--
ALTER TABLE `users_groups`
  ADD CONSTRAINT `fk_users_groups_groups1` FOREIGN KEY (`group_id`) REFERENCES `groups` (`id`) ON DELETE CASCADE ON UPDATE NO ACTION,
  ADD CONSTRAINT `fk_users_groups_users1` FOREIGN KEY (`user_id`) REFERENCES `users` (`id`) ON DELETE CASCADE ON UPDATE NO ACTION;
COMMIT;

/*!40101 SET CHARACTER_SET_CLIENT=@OLD_CHARACTER_SET_CLIENT */;
/*!40101 SET CHARACTER_SET_RESULTS=@OLD_CHARACTER_SET_RESULTS */;
/*!40101 SET COLLATION_CONNECTION=@OLD_COLLATION_CONNECTION */;
